seq,step,time,tag,phase,current_bytes,actual_bytes,highwater_bytes
0,-1,0,setup.start,point,0,0,0
1,0,0,setup.end,point,12923608780,40000000000,19304337268
2,1,1,timeStep,enter,12923608780,40000000000,19304337268
3,1,1,step-start,point,12923608780,40000000000,19304337268
4,1,1,momentumSolve,enter,15058503082,40000000000,19304337268
5,-1,1,PDE.solveRhs.afterAssemble,point,15517782854,40000000000,20871397214
6,-1,1,PDE.solveRhs.afterSavedRhs,point,15909791462,40000000000,20871397214
7,-1,1,PDE.solveRhs.beforeSolve,point,15909791462,40000000000,20871397214
8,-1,1,PDE.solveRhs.afterSolve,point,15909791462,40000000000,20871397214
9,1,1,momentumSolve,exit,15517782854,40000000000,20871397214
10,1,1,after-UEqn,point,15517782854,40000000000,20871397214
11,1,1,pEqn,enter,17547300278,40000000000,20871397214
12,-1,1,PDE.solveImpl.beforeAssemble,point,18683392326,40000000000,20871397214
13,-1,1,PDE.solveImpl.afterAssemble,point,19077337326,40000000000,20871397214
14,-1,1,PDE.solveImpl.beforeSolve,point,19077337326,40000000000,20871397214
15,-1,1,PDE.solveImpl.afterSolve,point,19077337326,40000000000,20871397214
16,1,1,pEqn,exit,19077337326,40000000000,20871397214
17,1,1,after-pEqn,point,17047819902,40000000000,20871397214
18,-1,1,kOmegaSST.correct,enter,17047819902,40000000000,20871397214
19,-1,1,kOmegaSST.afterGradients,point,18746523870,40000000000,21328153854
20,-1,1,kOmegaSST.omegaEqn.before,point,18750396654,40000000000,21328153854
21,-1,1,PDE.solveImpl.beforeAssemble,point,19886488702,40000000000,22030312782
22,-1,1,PDE.solveImpl.afterAssemble,point,19886488702,40000000000,22030312782
23,-1,1,PDE.solveImpl.beforeSolve,point,19886488702,40000000000,22030312782
24,-1,1,PDE.solveImpl.afterSolve,point,19886488702,40000000000,22030312782
25,-1,1,kOmegaSST.omegaEqn.after,point,19886488702,40000000000,22030312782
26,-1,0,kOmegaSST.boundRepair,enter,20411103238,40000000000,22030312782
27,-1,0,kOmegaSST.boundRepair,exit,20411103238,40000000000,22030312782
28,-1,1,kOmegaSST.kEqn.before,point,18969865558,40000000000,22030312782
29,-1,1,PDE.solveImpl.beforeAssemble,point,20105957606,40000000000,22249781686
30,-1,1,PDE.solveImpl.afterAssemble,point,20105957606,40000000000,22249781686
31,-1,1,PDE.solveImpl.beforeSolve,point,20105957606,40000000000,22249781686
32,-1,1,PDE.solveImpl.afterSolve,point,20105957606,40000000000,22249781686
33,-1,1,kOmegaSST.kEqn.after,point,20105957606,40000000000,22249781686
34,-1,1,kOmegaSST.correct,exit,19320003998,40000000000,22249781686
35,1,1,after-turb,point,19320003998,40000000000,22249781686
36,1,1,timeStep,exit,19320003998,40000000000,22249781686
37,2,2,timeStep,enter,19320003998,40000000000,22249781686
38,2,2,step-start,point,19320003998,40000000000,22249781686
39,2,2,momentumSolve,enter,19320003998,40000000000,22249781686
40,-1,2,PDE.solveRhs.afterAssemble,point,19320003998,40000000000,24673618358
41,-1,2,PDE.solveRhs.afterSavedRhs,point,19712012606,40000000000,24673618358
42,-1,2,PDE.solveRhs.beforeSolve,point,19712012606,40000000000,24673618358
43,-1,2,PDE.solveRhs.afterSolve,point,19712012606,40000000000,24673618358
44,2,2,momentumSolve,exit,19320003998,40000000000,24673618358
45,2,2,after-UEqn,point,19320003998,40000000000,24673618358
46,2,2,pEqn,enter,21349521422,40000000000,24673618358
47,-1,2,PDE.solveImpl.beforeAssemble,point,21349521422,40000000000,24673618358
48,-1,2,PDE.solveImpl.afterAssemble,point,21349521422,40000000000,24673618358
49,-1,2,PDE.solveImpl.beforeSolve,point,21349521422,40000000000,24673618358
50,-1,2,PDE.solveImpl.afterSolve,point,21349521422,40000000000,24673618358
51,2,2,pEqn,exit,21349521422,40000000000,24673618358
52,2,2,after-pEqn,point,19320003998,40000000000,24673618358
53,-1,2,kOmegaSST.correct,enter,19320003998,40000000000,24673618358
54,-1,2,kOmegaSST.afterGradients,point,21018707966,40000000000,24673618358
55,-1,2,kOmegaSST.omegaEqn.before,point,21022580750,40000000000,24673618358
56,-1,2,PDE.solveImpl.beforeAssemble,point,21022580750,40000000000,24673618358
57,-1,2,PDE.solveImpl.afterAssemble,point,21022580750,40000000000,24673618358
58,-1,2,PDE.solveImpl.beforeSolve,point,21022580750,40000000000,24673618358
59,-1,2,PDE.solveImpl.afterSolve,point,21022580750,40000000000,24673618358
60,-1,2,kOmegaSST.omegaEqn.after,point,21022580750,40000000000,24673618358
61,-1,0,kOmegaSST.boundRepair,enter,21547195286,40000000000,24673618358
62,-1,0,kOmegaSST.boundRepair,exit,21547195286,40000000000,24673618358
63,-1,2,kOmegaSST.kEqn.before,point,20105957606,40000000000,24673618358
64,-1,2,PDE.solveImpl.beforeAssemble,point,20105957606,40000000000,24673618358
65,-1,2,PDE.solveImpl.afterAssemble,point,20105957606,40000000000,24673618358
66,-1,2,PDE.solveImpl.beforeSolve,point,20105957606,40000000000,24673618358
67,-1,2,PDE.solveImpl.afterSolve,point,20105957606,40000000000,24673618358
68,-1,2,kOmegaSST.kEqn.after,point,20105957606,40000000000,24673618358
69,-1,2,kOmegaSST.correct,exit,19320003998,40000000000,24673618358
70,2,2,after-turb,point,19320003998,40000000000,24673618358
71,2,2,timeStep,exit,19320003998,40000000000,24673618358
72,3,3,timeStep,enter,19320003998,40000000000,24673618358
73,3,3,step-start,point,19320003998,40000000000,24673618358
74,3,3,momentumSolve,enter,19320003998,40000000000,24673618358
75,-1,3,PDE.solveRhs.afterAssemble,point,19320003998,40000000000,24673618358
76,-1,3,PDE.solveRhs.afterSavedRhs,point,19712012606,40000000000,24673618358
77,-1,3,PDE.solveRhs.beforeSolve,point,19712012606,40000000000,24673618358
78,-1,3,PDE.solveRhs.afterSolve,point,19712012606,40000000000,24673618358
79,3,3,momentumSolve,exit,19320003998,40000000000,24673618358
80,3,3,after-UEqn,point,19320003998,40000000000,24673618358
81,3,3,pEqn,enter,21349521422,40000000000,24673618358
82,-1,3,PDE.solveImpl.beforeAssemble,point,21349521422,40000000000,24673618358
83,-1,3,PDE.solveImpl.afterAssemble,point,21349521422,40000000000,24673618358
84,-1,3,PDE.solveImpl.beforeSolve,point,21349521422,40000000000,24673618358
85,-1,3,PDE.solveImpl.afterSolve,point,21349521422,40000000000,24673618358
86,3,3,pEqn,exit,21349521422,40000000000,24673618358
87,3,3,after-pEqn,point,19320003998,40000000000,24673618358
88,-1,3,kOmegaSST.correct,enter,19320003998,40000000000,24673618358
89,-1,3,kOmegaSST.afterGradients,point,21018707966,40000000000,24673618358
90,-1,3,kOmegaSST.omegaEqn.before,point,21022580750,40000000000,24673618358
91,-1,3,PDE.solveImpl.beforeAssemble,point,21022580750,40000000000,24673618358
92,-1,3,PDE.solveImpl.afterAssemble,point,21022580750,40000000000,24673618358
93,-1,3,PDE.solveImpl.beforeSolve,point,21022580750,40000000000,24673618358
94,-1,3,PDE.solveImpl.afterSolve,point,21022580750,40000000000,24673618358
95,-1,3,kOmegaSST.omegaEqn.after,point,21022580750,40000000000,24673618358
96,-1,0,kOmegaSST.boundRepair,enter,21547195286,40000000000,24673618358
97,-1,0,kOmegaSST.boundRepair,exit,21547195286,40000000000,24673618358
98,-1,3,kOmegaSST.kEqn.before,point,20105957606,40000000000,24673618358
99,-1,3,PDE.solveImpl.beforeAssemble,point,20105957606,40000000000,24673618358
100,-1,3,PDE.solveImpl.afterAssemble,point,20105957606,40000000000,24673618358
101,-1,3,PDE.solveImpl.beforeSolve,point,20105957606,40000000000,24673618358
102,-1,3,PDE.solveImpl.afterSolve,point,20105957606,40000000000,24673618358
103,-1,3,kOmegaSST.kEqn.after,point,20105957606,40000000000,24673618358
104,-1,3,kOmegaSST.correct,exit,19320003998,40000000000,24673618358
105,3,3,after-turb,point,19320003998,40000000000,24673618358
106,3,3,timeStep,exit,19320003998,40000000000,24673618358
107,4,4,timeStep,enter,19320003998,40000000000,24673618358
108,4,4,step-start,point,19320003998,40000000000,24673618358
109,4,4,momentumSolve,enter,19320003998,40000000000,24673618358
110,-1,4,PDE.solveRhs.afterAssemble,point,19320003998,40000000000,24673618358
111,-1,4,PDE.solveRhs.afterSavedRhs,point,19712012606,40000000000,24673618358
112,-1,4,PDE.solveRhs.beforeSolve,point,19712012606,40000000000,24673618358
113,-1,4,PDE.solveRhs.afterSolve,point,19712012606,40000000000,24673618358
114,4,4,momentumSolve,exit,19320003998,40000000000,24673618358
115,4,4,after-UEqn,point,19320003998,40000000000,24673618358
116,4,4,pEqn,enter,21349521422,40000000000,24673618358
117,-1,4,PDE.solveImpl.beforeAssemble,point,21349521422,40000000000,24673618358
118,-1,4,PDE.solveImpl.afterAssemble,point,21349521422,40000000000,24673618358
119,-1,4,PDE.solveImpl.beforeSolve,point,21349521422,40000000000,24673618358
120,-1,4,PDE.solveImpl.afterSolve,point,21349521422,40000000000,24673618358
121,4,4,pEqn,exit,21349521422,40000000000,24673618358
122,4,4,after-pEqn,point,19320003998,40000000000,24673618358
123,-1,4,kOmegaSST.correct,enter,19320003998,40000000000,24673618358
124,-1,4,kOmegaSST.afterGradients,point,21018707966,40000000000,24673618358
125,-1,4,kOmegaSST.omegaEqn.before,point,21022580750,40000000000,24673618358
126,-1,4,PDE.solveImpl.beforeAssemble,point,21022580750,40000000000,24673618358
127,-1,4,PDE.solveImpl.afterAssemble,point,21022580750,40000000000,24673618358
128,-1,4,PDE.solveImpl.beforeSolve,point,21022580750,40000000000,24673618358
129,-1,4,PDE.solveImpl.afterSolve,point,21022580750,40000000000,24673618358
130,-1,4,kOmegaSST.omegaEqn.after,point,21022580750,40000000000,24673618358
131,-1,4,kOmegaSST.kEqn.before,point,20105957606,40000000000,24673618358
132,-1,4,PDE.solveImpl.beforeAssemble,point,20105957606,40000000000,24673618358
133,-1,4,PDE.solveImpl.afterAssemble,point,20105957606,40000000000,24673618358
134,-1,4,PDE.solveImpl.beforeSolve,point,20105957606,40000000000,24673618358
135,-1,4,PDE.solveImpl.afterSolve,point,20105957606,40000000000,24673618358
136,-1,4,kOmegaSST.kEqn.after,point,20105957606,40000000000,24673618358
137,-1,4,kOmegaSST.correct,exit,19320003998,40000000000,24673618358
138,4,4,after-turb,point,19320003998,40000000000,24673618358
139,4,4,timeStep,exit,19320003998,40000000000,24673618358
140,5,5,timeStep,enter,19320003998,40000000000,24673618358
141,5,5,step-start,point,19320003998,40000000000,24673618358
142,5,5,momentumSolve,enter,19320003998,40000000000,24673618358
143,-1,5,PDE.solveRhs.afterAssemble,point,19320003998,40000000000,24673618358
144,-1,5,PDE.solveRhs.afterSavedRhs,point,19712012606,40000000000,24673618358
145,-1,5,PDE.solveRhs.beforeSolve,point,19712012606,40000000000,24673618358
146,-1,5,PDE.solveRhs.afterSolve,point,19712012606,40000000000,24673618358
147,5,5,momentumSolve,exit,19320003998,40000000000,24673618358
148,5,5,after-UEqn,point,19320003998,40000000000,24673618358
149,5,5,pEqn,enter,21349521422,40000000000,24673618358
150,-1,5,PDE.solveImpl.beforeAssemble,point,21349521422,40000000000,24673618358
151,-1,5,PDE.solveImpl.afterAssemble,point,21349521422,40000000000,24673618358
152,-1,5,PDE.solveImpl.beforeSolve,point,21349521422,40000000000,24673618358
153,-1,5,PDE.solveImpl.afterSolve,point,21349521422,40000000000,24673618358
154,5,5,pEqn,exit,21349521422,40000000000,24673618358
155,5,5,after-pEqn,point,19320003998,40000000000,24673618358
156,-1,5,kOmegaSST.correct,enter,19320003998,40000000000,24673618358
157,-1,5,kOmegaSST.afterGradients,point,21018707966,40000000000,24673618358
158,-1,5,kOmegaSST.omegaEqn.before,point,21022580750,40000000000,24673618358
159,-1,5,PDE.solveImpl.beforeAssemble,point,21022580750,40000000000,24673618358
160,-1,5,PDE.solveImpl.afterAssemble,point,21022580750,40000000000,24673618358
161,-1,5,PDE.solveImpl.beforeSolve,point,21022580750,40000000000,24673618358
162,-1,5,PDE.solveImpl.afterSolve,point,21022580750,40000000000,24673618358
163,-1,5,kOmegaSST.omegaEqn.after,point,21022580750,40000000000,24673618358
164,-1,5,kOmegaSST.kEqn.before,point,20105957606,40000000000,24673618358
165,-1,5,PDE.solveImpl.beforeAssemble,point,20105957606,40000000000,24673618358
166,-1,5,PDE.solveImpl.afterAssemble,point,20105957606,40000000000,24673618358
167,-1,5,PDE.solveImpl.beforeSolve,point,20105957606,40000000000,24673618358
168,-1,5,PDE.solveImpl.afterSolve,point,20105957606,40000000000,24673618358
169,-1,5,kOmegaSST.kEqn.after,point,20105957606,40000000000,24673618358
170,-1,5,kOmegaSST.correct,exit,19320003998,40000000000,24673618358
171,5,5,after-turb,point,19320003998,40000000000,24673618358
172,5,5,timeStep,exit,19320003998,40000000000,24673618358
173,6,6,timeStep,enter,19320003998,40000000000,24673618358
174,6,6,step-start,point,19320003998,40000000000,24673618358
175,6,6,momentumSolve,enter,19320003998,40000000000,24673618358
176,-1,6,PDE.solveRhs.afterAssemble,point,19320003998,40000000000,24673618358
177,-1,6,PDE.solveRhs.afterSavedRhs,point,19712012606,40000000000,24673618358
178,-1,6,PDE.solveRhs.beforeSolve,point,19712012606,40000000000,24673618358
179,-1,6,PDE.solveRhs.afterSolve,point,19712012606,40000000000,24673618358
180,6,6,momentumSolve,exit,19320003998,40000000000,24673618358
181,6,6,after-UEqn,point,19320003998,40000000000,24673618358
182,6,6,pEqn,enter,21349521422,40000000000,24673618358
183,-1,6,PDE.solveImpl.beforeAssemble,point,21349521422,40000000000,24673618358
184,-1,6,PDE.solveImpl.afterAssemble,point,21349521422,40000000000,24673618358
185,-1,6,PDE.solveImpl.beforeSolve,point,21349521422,40000000000,24673618358
186,-1,6,PDE.solveImpl.afterSolve,point,21349521422,40000000000,24673618358
187,6,6,pEqn,exit,21349521422,40000000000,24673618358
188,6,6,after-pEqn,point,19320003998,40000000000,24673618358
189,-1,6,kOmegaSST.correct,enter,19320003998,40000000000,24673618358
190,-1,6,kOmegaSST.afterGradients,point,21018707966,40000000000,24673618358
191,-1,6,kOmegaSST.omegaEqn.before,point,21022580750,40000000000,24673618358
192,-1,6,PDE.solveImpl.beforeAssemble,point,21022580750,40000000000,24673618358
193,-1,6,PDE.solveImpl.afterAssemble,point,21022580750,40000000000,24673618358
194,-1,6,PDE.solveImpl.beforeSolve,point,21022580750,40000000000,24673618358
195,-1,6,PDE.solveImpl.afterSolve,point,21022580750,40000000000,24673618358
196,-1,6,kOmegaSST.omegaEqn.after,point,21022580750,40000000000,24673618358
197,-1,6,kOmegaSST.kEqn.before,point,20105957606,40000000000,24673618358
198,-1,6,PDE.solveImpl.beforeAssemble,point,20105957606,40000000000,24673618358
199,-1,6,PDE.solveImpl.afterAssemble,point,20105957606,40000000000,24673618358
200,-1,6,PDE.solveImpl.beforeSolve,point,20105957606,40000000000,24673618358
201,-1,6,PDE.solveImpl.afterSolve,point,20105957606,40000000000,24673618358
202,-1,6,kOmegaSST.kEqn.after,point,20105957606,40000000000,24673618358
203,-1,6,kOmegaSST.correct,exit,19320003998,40000000000,24673618358
204,6,6,after-turb,point,19320003998,40000000000,24673618358
205,6,6,timeStep,exit,19320003998,40000000000,24673618358
206,7,7,timeStep,enter,19320003998,40000000000,24673618358
207,7,7,step-start,point,19320003998,40000000000,24673618358
208,7,7,momentumSolve,enter,19320003998,40000000000,24673618358
209,-1,7,PDE.solveRhs.afterAssemble,point,19320003998,40000000000,24673618358
210,-1,7,PDE.solveRhs.afterSavedRhs,point,19712012606,40000000000,24673618358
211,-1,7,PDE.solveRhs.beforeSolve,point,19712012606,40000000000,24673618358
212,-1,7,PDE.solveRhs.afterSolve,point,19712012606,40000000000,24673618358
213,7,7,momentumSolve,exit,19320003998,40000000000,24673618358
214,7,7,after-UEqn,point,19320003998,40000000000,24673618358
215,7,7,pEqn,enter,21349521422,40000000000,24673618358
216,-1,7,PDE.solveImpl.beforeAssemble,point,21349521422,40000000000,24673618358
217,-1,7,PDE.solveImpl.afterAssemble,point,21349521422,40000000000,24673618358
218,-1,7,PDE.solveImpl.beforeSolve,point,21349521422,40000000000,24673618358
219,-1,7,PDE.solveImpl.afterSolve,point,21349521422,40000000000,24673618358
220,7,7,pEqn,exit,21349521422,40000000000,24673618358
221,7,7,after-pEqn,point,19320003998,40000000000,24673618358
222,-1,7,kOmegaSST.correct,enter,19320003998,40000000000,24673618358
223,-1,7,kOmegaSST.afterGradients,point,21018707966,40000000000,24673618358
224,-1,7,kOmegaSST.omegaEqn.before,point,21022580750,40000000000,24673618358
225,-1,7,PDE.solveImpl.beforeAssemble,point,21022580750,40000000000,24673618358
226,-1,7,PDE.solveImpl.afterAssemble,point,21022580750,40000000000,24673618358
227,-1,7,PDE.solveImpl.beforeSolve,point,21022580750,40000000000,24673618358
228,-1,7,PDE.solveImpl.afterSolve,point,21022580750,40000000000,24673618358
229,-1,7,kOmegaSST.omegaEqn.after,point,21022580750,40000000000,24673618358
230,-1,0,kOmegaSST.boundRepair,enter,21547195286,40000000000,24673618358
231,-1,0,kOmegaSST.boundRepair,exit,21547195286,40000000000,24673618358
232,-1,7,kOmegaSST.kEqn.before,point,20105957606,40000000000,24673618358
233,-1,7,PDE.solveImpl.beforeAssemble,point,20105957606,40000000000,24673618358
234,-1,7,PDE.solveImpl.afterAssemble,point,20105957606,40000000000,24673618358
235,-1,7,PDE.solveImpl.beforeSolve,point,20105957606,40000000000,24673618358
236,-1,7,PDE.solveImpl.afterSolve,point,20105957606,40000000000,24673618358
237,-1,7,kOmegaSST.kEqn.after,point,20105957606,40000000000,24673618358
238,-1,7,kOmegaSST.correct,exit,19320003998,40000000000,24673618358
239,7,7,after-turb,point,19320003998,40000000000,24673618358
240,7,7,timeStep,exit,19320003998,40000000000,24673618358
241,8,8,timeStep,enter,19320003998,40000000000,24673618358
242,8,8,step-start,point,19320003998,40000000000,24673618358
243,8,8,momentumSolve,enter,19320003998,40000000000,24673618358
244,-1,8,PDE.solveRhs.afterAssemble,point,19320003998,40000000000,24673618358
245,-1,8,PDE.solveRhs.afterSavedRhs,point,19712012606,40000000000,24673618358
246,-1,8,PDE.solveRhs.beforeSolve,point,19712012606,40000000000,24673618358
247,-1,8,PDE.solveRhs.afterSolve,point,19712012606,40000000000,24673618358
248,8,8,momentumSolve,exit,19320003998,40000000000,24673618358
249,8,8,after-UEqn,point,19320003998,40000000000,24673618358
250,8,8,pEqn,enter,21349521422,40000000000,24673618358
251,-1,8,PDE.solveImpl.beforeAssemble,point,21349521422,40000000000,24673618358
252,-1,8,PDE.solveImpl.afterAssemble,point,21349521422,40000000000,24673618358
253,-1,8,PDE.solveImpl.beforeSolve,point,21349521422,40000000000,24673618358
254,-1,8,PDE.solveImpl.afterSolve,point,21349521422,40000000000,24673618358
255,8,8,pEqn,exit,21349521422,40000000000,24673618358
256,8,8,after-pEqn,point,19320003998,40000000000,24673618358
257,-1,8,kOmegaSST.correct,enter,19320003998,40000000000,24673618358
258,-1,8,kOmegaSST.afterGradients,point,21018707966,40000000000,24673618358
259,-1,8,kOmegaSST.omegaEqn.before,point,21022580750,40000000000,24673618358
260,-1,8,PDE.solveImpl.beforeAssemble,point,21022580750,40000000000,24673618358
261,-1,8,PDE.solveImpl.afterAssemble,point,21022580750,40000000000,24673618358
262,-1,8,PDE.solveImpl.beforeSolve,point,21022580750,40000000000,24673618358
263,-1,8,PDE.solveImpl.afterSolve,point,21022580750,40000000000,24673618358
264,-1,8,kOmegaSST.omegaEqn.after,point,21022580750,40000000000,24673618358
265,-1,8,kOmegaSST.kEqn.before,point,20105957606,40000000000,24673618358
266,-1,8,PDE.solveImpl.beforeAssemble,point,20105957606,40000000000,24673618358
267,-1,8,PDE.solveImpl.afterAssemble,point,20105957606,40000000000,24673618358
268,-1,8,PDE.solveImpl.beforeSolve,point,20105957606,40000000000,24673618358
269,-1,8,PDE.solveImpl.afterSolve,point,20105957606,40000000000,24673618358
270,-1,8,kOmegaSST.kEqn.after,point,20105957606,40000000000,24673618358
271,-1,8,kOmegaSST.correct,exit,19320003998,40000000000,24673618358
272,8,8,after-turb,point,19320003998,40000000000,24673618358
273,8,8,timeStep,exit,19320003998,40000000000,24673618358
274,9,9,timeStep,enter,19320003998,40000000000,24673618358
275,9,9,step-start,point,19320003998,40000000000,24673618358
276,9,9,momentumSolve,enter,19320003998,40000000000,24673618358
277,-1,9,PDE.solveRhs.afterAssemble,point,19320003998,40000000000,24673618358
278,-1,9,PDE.solveRhs.afterSavedRhs,point,19712012606,40000000000,24673618358
279,-1,9,PDE.solveRhs.beforeSolve,point,19712012606,40000000000,24673618358
280,-1,9,PDE.solveRhs.afterSolve,point,19712012606,40000000000,24673618358
281,9,9,momentumSolve,exit,19320003998,40000000000,24673618358
282,9,9,after-UEqn,point,19320003998,40000000000,24673618358
283,9,9,pEqn,enter,21349521422,40000000000,24673618358
284,-1,9,PDE.solveImpl.beforeAssemble,point,21349521422,40000000000,24673618358
285,-1,9,PDE.solveImpl.afterAssemble,point,21349521422,40000000000,24673618358
286,-1,9,PDE.solveImpl.beforeSolve,point,21349521422,40000000000,24673618358
287,-1,9,PDE.solveImpl.afterSolve,point,21349521422,40000000000,24673618358
288,9,9,pEqn,exit,21349521422,40000000000,24673618358
289,9,9,after-pEqn,point,19320003998,40000000000,24673618358
290,-1,9,kOmegaSST.correct,enter,19320003998,40000000000,24673618358
291,-1,9,kOmegaSST.afterGradients,point,21018707966,40000000000,24673618358
292,-1,9,kOmegaSST.omegaEqn.before,point,21022580750,40000000000,24673618358
293,-1,9,PDE.solveImpl.beforeAssemble,point,21022580750,40000000000,24673618358
294,-1,9,PDE.solveImpl.afterAssemble,point,21022580750,40000000000,24673618358
295,-1,9,PDE.solveImpl.beforeSolve,point,21022580750,40000000000,24673618358
296,-1,9,PDE.solveImpl.afterSolve,point,21022580750,40000000000,24673618358
297,-1,9,kOmegaSST.omegaEqn.after,point,21022580750,40000000000,24673618358
298,-1,9,kOmegaSST.kEqn.before,point,20105957606,40000000000,24673618358
299,-1,9,PDE.solveImpl.beforeAssemble,point,20105957606,40000000000,24673618358
300,-1,9,PDE.solveImpl.afterAssemble,point,20105957606,40000000000,24673618358
301,-1,9,PDE.solveImpl.beforeSolve,point,20105957606,40000000000,24673618358
302,-1,9,PDE.solveImpl.afterSolve,point,20105957606,40000000000,24673618358
303,-1,9,kOmegaSST.kEqn.after,point,20105957606,40000000000,24673618358
304,-1,9,kOmegaSST.correct,exit,19320003998,40000000000,24673618358
305,9,9,after-turb,point,19320003998,40000000000,24673618358
306,9,9,timeStep,exit,19320003998,40000000000,24673618358
307,10,10,timeStep,enter,19320003998,40000000000,24673618358
308,10,10,step-start,point,19320003998,40000000000,24673618358
309,10,10,momentumSolve,enter,19320003998,40000000000,24673618358
310,-1,10,PDE.solveRhs.afterAssemble,point,19320003998,40000000000,24673618358
311,-1,10,PDE.solveRhs.afterSavedRhs,point,19712012606,40000000000,24673618358
312,-1,10,PDE.solveRhs.beforeSolve,point,19712012606,40000000000,24673618358
313,-1,10,PDE.solveRhs.afterSolve,point,19712012606,40000000000,24673618358
314,10,10,momentumSolve,exit,19320003998,40000000000,24673618358
315,10,10,after-UEqn,point,19320003998,40000000000,24673618358
316,10,10,pEqn,enter,21349521422,40000000000,24673618358
317,-1,10,PDE.solveImpl.beforeAssemble,point,21349521422,40000000000,24673618358
318,-1,10,PDE.solveImpl.afterAssemble,point,21349521422,40000000000,24673618358
319,-1,10,PDE.solveImpl.beforeSolve,point,21349521422,40000000000,24673618358
320,-1,10,PDE.solveImpl.afterSolve,point,21349521422,40000000000,24673618358
321,10,10,pEqn,exit,21349521422,40000000000,24673618358
322,10,10,after-pEqn,point,19320003998,40000000000,24673618358
323,-1,10,kOmegaSST.correct,enter,19320003998,40000000000,24673618358
324,-1,10,kOmegaSST.afterGradients,point,21018707966,40000000000,24673618358
325,-1,10,kOmegaSST.omegaEqn.before,point,21022580750,40000000000,24673618358
326,-1,10,PDE.solveImpl.beforeAssemble,point,21022580750,40000000000,24673618358
327,-1,10,PDE.solveImpl.afterAssemble,point,21022580750,40000000000,24673618358
328,-1,10,PDE.solveImpl.beforeSolve,point,21022580750,40000000000,24673618358
329,-1,10,PDE.solveImpl.afterSolve,point,21022580750,40000000000,24673618358
330,-1,10,kOmegaSST.omegaEqn.after,point,21022580750,40000000000,24673618358
331,-1,10,kOmegaSST.kEqn.before,point,20105957606,40000000000,24673618358
332,-1,10,PDE.solveImpl.beforeAssemble,point,20105957606,40000000000,24673618358
333,-1,10,PDE.solveImpl.afterAssemble,point,20105957606,40000000000,24673618358
334,-1,10,PDE.solveImpl.beforeSolve,point,20105957606,40000000000,24673618358
335,-1,10,PDE.solveImpl.afterSolve,point,20105957606,40000000000,24673618358
336,-1,10,kOmegaSST.kEqn.after,point,20105957606,40000000000,24673618358
337,-1,10,kOmegaSST.correct,exit,19320003998,40000000000,24673618358
338,10,10,after-turb,point,19320003998,40000000000,24673618358
339,10,10,timeStep,exit,19320003998,40000000000,24673618358
340,11,11,timeStep,enter,19320003998,40000000000,24673618358
341,11,11,step-start,point,19320003998,40000000000,24673618358
342,11,11,momentumSolve,enter,19320003998,40000000000,24673618358
343,-1,11,PDE.solveRhs.afterAssemble,point,19320003998,40000000000,24673618358
344,-1,11,PDE.solveRhs.afterSavedRhs,point,19712012606,40000000000,24673618358
345,-1,11,PDE.solveRhs.beforeSolve,point,19712012606,40000000000,24673618358
346,-1,11,PDE.solveRhs.afterSolve,point,19712012606,40000000000,24673618358
347,11,11,momentumSolve,exit,19320003998,40000000000,24673618358
348,11,11,after-UEqn,point,19320003998,40000000000,24673618358
349,11,11,pEqn,enter,21349521422,40000000000,24673618358
350,-1,11,PDE.solveImpl.beforeAssemble,point,21349521422,40000000000,24673618358
351,-1,11,PDE.solveImpl.afterAssemble,point,21349521422,40000000000,24673618358
352,-1,11,PDE.solveImpl.beforeSolve,point,21349521422,40000000000,24673618358
353,-1,11,PDE.solveImpl.afterSolve,point,21349521422,40000000000,24673618358
354,11,11,pEqn,exit,21349521422,40000000000,24673618358
355,11,11,after-pEqn,point,19320003998,40000000000,24673618358
356,-1,11,kOmegaSST.correct,enter,19320003998,40000000000,24673618358
357,-1,11,kOmegaSST.afterGradients,point,21018707966,40000000000,24673618358
358,-1,11,kOmegaSST.omegaEqn.before,point,21022580750,40000000000,24673618358
359,-1,11,PDE.solveImpl.beforeAssemble,point,21022580750,40000000000,24673618358
360,-1,11,PDE.solveImpl.afterAssemble,point,21022580750,40000000000,24673618358
361,-1,11,PDE.solveImpl.beforeSolve,point,21022580750,40000000000,24673618358
362,-1,11,PDE.solveImpl.afterSolve,point,21022580750,40000000000,24673618358
363,-1,11,kOmegaSST.omegaEqn.after,point,21022580750,40000000000,24673618358
364,-1,11,kOmegaSST.kEqn.before,point,20105957606,40000000000,24673618358
365,-1,11,PDE.solveImpl.beforeAssemble,point,20105957606,40000000000,24673618358
366,-1,11,PDE.solveImpl.afterAssemble,point,20105957606,40000000000,24673618358
367,-1,11,PDE.solveImpl.beforeSolve,point,20105957606,40000000000,24673618358
368,-1,11,PDE.solveImpl.afterSolve,point,20105957606,40000000000,24673618358
369,-1,11,kOmegaSST.kEqn.after,point,20105957606,40000000000,24673618358
370,-1,11,kOmegaSST.correct,exit,19320003998,40000000000,24673618358
371,11,11,after-turb,point,19320003998,40000000000,24673618358
372,11,11,timeStep,exit,19320003998,40000000000,24673618358
373,12,12,timeStep,enter,19320003998,40000000000,24673618358
374,12,12,step-start,point,19320003998,40000000000,24673618358
375,12,12,momentumSolve,enter,19320003998,40000000000,24673618358
376,-1,12,PDE.solveRhs.afterAssemble,point,19320003998,40000000000,24673618358
377,-1,12,PDE.solveRhs.afterSavedRhs,point,19712012606,40000000000,24673618358
378,-1,12,PDE.solveRhs.beforeSolve,point,19712012606,40000000000,24673618358
379,-1,12,PDE.solveRhs.afterSolve,point,19712012606,40000000000,24673618358
380,12,12,momentumSolve,exit,19320003998,40000000000,24673618358
381,12,12,after-UEqn,point,19320003998,40000000000,24673618358
382,12,12,pEqn,enter,21349521422,40000000000,24673618358
383,-1,12,PDE.solveImpl.beforeAssemble,point,21349521422,40000000000,24673618358
384,-1,12,PDE.solveImpl.afterAssemble,point,21349521422,40000000000,24673618358
385,-1,12,PDE.solveImpl.beforeSolve,point,21349521422,40000000000,24673618358
386,-1,12,PDE.solveImpl.afterSolve,point,21349521422,40000000000,24673618358
387,12,12,pEqn,exit,21349521422,40000000000,24673618358
388,12,12,after-pEqn,point,19320003998,40000000000,24673618358
389,-1,12,kOmegaSST.correct,enter,19320003998,40000000000,24673618358
390,-1,12,kOmegaSST.afterGradients,point,21018707966,40000000000,24673618358
391,-1,12,kOmegaSST.omegaEqn.before,point,21022580750,40000000000,24673618358
392,-1,12,PDE.solveImpl.beforeAssemble,point,21022580750,40000000000,24673618358
393,-1,12,PDE.solveImpl.afterAssemble,point,21022580750,40000000000,24673618358
394,-1,12,PDE.solveImpl.beforeSolve,point,21022580750,40000000000,24673618358
395,-1,12,PDE.solveImpl.afterSolve,point,21022580750,40000000000,24673618358
396,-1,12,kOmegaSST.omegaEqn.after,point,21022580750,40000000000,24673618358
397,-1,12,kOmegaSST.kEqn.before,point,20105957606,40000000000,24673618358
398,-1,12,PDE.solveImpl.beforeAssemble,point,20105957606,40000000000,24673618358
399,-1,12,PDE.solveImpl.afterAssemble,point,20105957606,40000000000,24673618358
400,-1,12,PDE.solveImpl.beforeSolve,point,20105957606,40000000000,24673618358
401,-1,12,PDE.solveImpl.afterSolve,point,20105957606,40000000000,24673618358
402,-1,12,kOmegaSST.kEqn.after,point,20105957606,40000000000,24673618358
403,-1,12,kOmegaSST.correct,exit,19320003998,40000000000,24673618358
404,12,12,after-turb,point,19320003998,40000000000,24673618358
405,12,12,timeStep,exit,19320003998,40000000000,24673618358
406,13,13,timeStep,enter,19320003998,40000000000,24673618358
407,13,13,step-start,point,19320003998,40000000000,24673618358
408,13,13,momentumSolve,enter,19320003998,40000000000,24673618358
409,-1,13,PDE.solveRhs.afterAssemble,point,19320003998,40000000000,24673618358
410,-1,13,PDE.solveRhs.afterSavedRhs,point,19712012606,40000000000,24673618358
411,-1,13,PDE.solveRhs.beforeSolve,point,19712012606,40000000000,24673618358
412,-1,13,PDE.solveRhs.afterSolve,point,19712012606,40000000000,24673618358
413,13,13,momentumSolve,exit,19320003998,40000000000,24673618358
414,13,13,after-UEqn,point,19320003998,40000000000,24673618358
415,13,13,pEqn,enter,21349521422,40000000000,24673618358
416,-1,13,PDE.solveImpl.beforeAssemble,point,21349521422,40000000000,24673618358
417,-1,13,PDE.solveImpl.afterAssemble,point,21349521422,40000000000,24673618358
418,-1,13,PDE.solveImpl.beforeSolve,point,21349521422,40000000000,24673618358
419,-1,13,PDE.solveImpl.afterSolve,point,21349521422,40000000000,24673618358
420,13,13,pEqn,exit,21349521422,40000000000,24673618358
421,13,13,after-pEqn,point,19320003998,40000000000,24673618358
422,-1,13,kOmegaSST.correct,enter,19320003998,40000000000,24673618358
423,-1,13,kOmegaSST.afterGradients,point,21018707966,40000000000,24673618358
424,-1,13,kOmegaSST.omegaEqn.before,point,21022580750,40000000000,24673618358
425,-1,13,PDE.solveImpl.beforeAssemble,point,21022580750,40000000000,24673618358
426,-1,13,PDE.solveImpl.afterAssemble,point,21022580750,40000000000,24673618358
427,-1,13,PDE.solveImpl.beforeSolve,point,21022580750,40000000000,24673618358
428,-1,13,PDE.solveImpl.afterSolve,point,21022580750,40000000000,24673618358
429,-1,13,kOmegaSST.omegaEqn.after,point,21022580750,40000000000,24673618358
430,-1,0,kOmegaSST.boundRepair,enter,21547195286,40000000000,24673618358
431,-1,0,kOmegaSST.boundRepair,exit,21547195286,40000000000,24673618358
432,-1,13,kOmegaSST.kEqn.before,point,20105957606,40000000000,24673618358
433,-1,13,PDE.solveImpl.beforeAssemble,point,20105957606,40000000000,24673618358
434,-1,13,PDE.solveImpl.afterAssemble,point,20105957606,40000000000,24673618358
435,-1,13,PDE.solveImpl.beforeSolve,point,20105957606,40000000000,24673618358
436,-1,13,PDE.solveImpl.afterSolve,point,20105957606,40000000000,24673618358
437,-1,13,kOmegaSST.kEqn.after,point,20105957606,40000000000,24673618358
438,-1,13,kOmegaSST.correct,exit,19320003998,40000000000,24673618358
439,13,13,after-turb,point,19320003998,40000000000,24673618358
440,13,13,timeStep,exit,19320003998,40000000000,24673618358
441,14,14,timeStep,enter,19320003998,40000000000,24673618358
442,14,14,step-start,point,19320003998,40000000000,24673618358
443,14,14,momentumSolve,enter,19320003998,40000000000,24673618358
444,-1,14,PDE.solveRhs.afterAssemble,point,19320003998,40000000000,24673618358
445,-1,14,PDE.solveRhs.afterSavedRhs,point,19712012606,40000000000,24673618358
446,-1,14,PDE.solveRhs.beforeSolve,point,19712012606,40000000000,24673618358
447,-1,14,PDE.solveRhs.afterSolve,point,19712012606,40000000000,24673618358
448,14,14,momentumSolve,exit,19320003998,40000000000,24673618358
449,14,14,after-UEqn,point,19320003998,40000000000,24673618358
450,14,14,pEqn,enter,21349521422,40000000000,24673618358
451,-1,14,PDE.solveImpl.beforeAssemble,point,21349521422,40000000000,24673618358
452,-1,14,PDE.solveImpl.afterAssemble,point,21349521422,40000000000,24673618358
453,-1,14,PDE.solveImpl.beforeSolve,point,21349521422,40000000000,24673618358
454,-1,14,PDE.solveImpl.afterSolve,point,21349521422,40000000000,24673618358
455,14,14,pEqn,exit,21349521422,40000000000,24673618358
456,14,14,after-pEqn,point,19320003998,40000000000,24673618358
457,-1,14,kOmegaSST.correct,enter,19320003998,40000000000,24673618358
458,-1,14,kOmegaSST.afterGradients,point,21018707966,40000000000,24673618358
459,-1,14,kOmegaSST.omegaEqn.before,point,21022580750,40000000000,24673618358
460,-1,14,PDE.solveImpl.beforeAssemble,point,21022580750,40000000000,24673618358
461,-1,14,PDE.solveImpl.afterAssemble,point,21022580750,40000000000,24673618358
462,-1,14,PDE.solveImpl.beforeSolve,point,21022580750,40000000000,24673618358
463,-1,14,PDE.solveImpl.afterSolve,point,21022580750,40000000000,24673618358
464,-1,14,kOmegaSST.omegaEqn.after,point,21022580750,40000000000,24673618358
465,-1,14,kOmegaSST.kEqn.before,point,20105957606,40000000000,24673618358
466,-1,14,PDE.solveImpl.beforeAssemble,point,20105957606,40000000000,24673618358
467,-1,14,PDE.solveImpl.afterAssemble,point,20105957606,40000000000,24673618358
468,-1,14,PDE.solveImpl.beforeSolve,point,20105957606,40000000000,24673618358
469,-1,14,PDE.solveImpl.afterSolve,point,20105957606,40000000000,24673618358
470,-1,14,kOmegaSST.kEqn.after,point,20105957606,40000000000,24673618358
471,-1,14,kOmegaSST.correct,exit,19320003998,40000000000,24673618358
472,14,14,after-turb,point,19320003998,40000000000,24673618358
473,14,14,timeStep,exit,19320003998,40000000000,24673618358
474,15,15,timeStep,enter,19320003998,40000000000,24673618358
475,15,15,step-start,point,19320003998,40000000000,24673618358
476,15,15,momentumSolve,enter,19320003998,40000000000,24673618358
477,-1,15,PDE.solveRhs.afterAssemble,point,19320003998,40000000000,24673618358
478,-1,15,PDE.solveRhs.afterSavedRhs,point,19712012606,40000000000,24673618358
479,-1,15,PDE.solveRhs.beforeSolve,point,19712012606,40000000000,24673618358
480,-1,15,PDE.solveRhs.afterSolve,point,19712012606,40000000000,24673618358
481,15,15,momentumSolve,exit,19320003998,40000000000,24673618358
482,15,15,after-UEqn,point,19320003998,40000000000,24673618358
483,15,15,pEqn,enter,21349521422,40000000000,24673618358
484,-1,15,PDE.solveImpl.beforeAssemble,point,21349521422,40000000000,24673618358
485,-1,15,PDE.solveImpl.afterAssemble,point,21349521422,40000000000,24673618358
486,-1,15,PDE.solveImpl.beforeSolve,point,21349521422,40000000000,24673618358
487,-1,15,PDE.solveImpl.afterSolve,point,21349521422,40000000000,24673618358
488,15,15,pEqn,exit,21349521422,40000000000,24673618358
489,15,15,after-pEqn,point,19320003998,40000000000,24673618358
490,-1,15,kOmegaSST.correct,enter,19320003998,40000000000,24673618358
491,-1,15,kOmegaSST.afterGradients,point,21018707966,40000000000,24673618358
492,-1,15,kOmegaSST.omegaEqn.before,point,21022580750,40000000000,24673618358
493,-1,15,PDE.solveImpl.beforeAssemble,point,21022580750,40000000000,24673618358
494,-1,15,PDE.solveImpl.afterAssemble,point,21022580750,40000000000,24673618358
495,-1,15,PDE.solveImpl.beforeSolve,point,21022580750,40000000000,24673618358
496,-1,15,PDE.solveImpl.afterSolve,point,21022580750,40000000000,24673618358
497,-1,15,kOmegaSST.omegaEqn.after,point,21022580750,40000000000,24673618358
498,-1,15,kOmegaSST.kEqn.before,point,20105957606,40000000000,24673618358
499,-1,15,PDE.solveImpl.beforeAssemble,point,20105957606,40000000000,24673618358
500,-1,15,PDE.solveImpl.afterAssemble,point,20105957606,40000000000,24673618358
501,-1,15,PDE.solveImpl.beforeSolve,point,20105957606,40000000000,24673618358
502,-1,15,PDE.solveImpl.afterSolve,point,20105957606,40000000000,24673618358
503,-1,15,kOmegaSST.kEqn.after,point,20105957606,40000000000,24673618358
504,-1,15,kOmegaSST.correct,exit,19320003998,40000000000,24673618358
505,15,15,after-turb,point,19320003998,40000000000,24673618358
506,15,15,timeStep,exit,19320003998,40000000000,24673618358
507,16,16,timeStep,enter,19320003998,40000000000,24673618358
508,16,16,step-start,point,19320003998,40000000000,24673618358
509,16,16,momentumSolve,enter,19320003998,40000000000,24673618358
510,-1,16,PDE.solveRhs.afterAssemble,point,19320003998,40000000000,24673618358
511,-1,16,PDE.solveRhs.afterSavedRhs,point,19712012606,40000000000,24673618358
512,-1,16,PDE.solveRhs.beforeSolve,point,19712012606,40000000000,24673618358
513,-1,16,PDE.solveRhs.afterSolve,point,19712012606,40000000000,24673618358
514,16,16,momentumSolve,exit,19320003998,40000000000,24673618358
515,16,16,after-UEqn,point,19320003998,40000000000,24673618358
516,16,16,pEqn,enter,21349521422,40000000000,24673618358
517,-1,16,PDE.solveImpl.beforeAssemble,point,21349521422,40000000000,24673618358
518,-1,16,PDE.solveImpl.afterAssemble,point,21349521422,40000000000,24673618358
519,-1,16,PDE.solveImpl.beforeSolve,point,21349521422,40000000000,24673618358
520,-1,16,PDE.solveImpl.afterSolve,point,21349521422,40000000000,24673618358
521,16,16,pEqn,exit,21349521422,40000000000,24673618358
522,16,16,after-pEqn,point,19320003998,40000000000,24673618358
523,-1,16,kOmegaSST.correct,enter,19320003998,40000000000,24673618358
524,-1,16,kOmegaSST.afterGradients,point,21018707966,40000000000,24673618358
525,-1,16,kOmegaSST.omegaEqn.before,point,21022580750,40000000000,24673618358
526,-1,16,PDE.solveImpl.beforeAssemble,point,21022580750,40000000000,24673618358
527,-1,16,PDE.solveImpl.afterAssemble,point,21022580750,40000000000,24673618358
528,-1,16,PDE.solveImpl.beforeSolve,point,21022580750,40000000000,24673618358
529,-1,16,PDE.solveImpl.afterSolve,point,21022580750,40000000000,24673618358
530,-1,16,kOmegaSST.omegaEqn.after,point,21022580750,40000000000,24673618358
531,-1,16,kOmegaSST.kEqn.before,point,20105957606,40000000000,24673618358
532,-1,16,PDE.solveImpl.beforeAssemble,point,20105957606,40000000000,24673618358
533,-1,16,PDE.solveImpl.afterAssemble,point,20105957606,40000000000,24673618358
534,-1,16,PDE.solveImpl.beforeSolve,point,20105957606,40000000000,24673618358
535,-1,16,PDE.solveImpl.afterSolve,point,20105957606,40000000000,24673618358
536,-1,16,kOmegaSST.kEqn.after,point,20105957606,40000000000,24673618358
537,-1,16,kOmegaSST.correct,exit,19320003998,40000000000,24673618358
538,16,16,after-turb,point,19320003998,40000000000,24673618358
539,16,16,timeStep,exit,19320003998,40000000000,24673618358
540,17,17,timeStep,enter,19320003998,40000000000,24673618358
541,17,17,step-start,point,19320003998,40000000000,24673618358
542,17,17,momentumSolve,enter,19320003998,40000000000,24673618358
543,-1,17,PDE.solveRhs.afterAssemble,point,19320003998,40000000000,24673618358
544,-1,17,PDE.solveRhs.afterSavedRhs,point,19712012606,40000000000,24673618358
545,-1,17,PDE.solveRhs.beforeSolve,point,19712012606,40000000000,24673618358
546,-1,17,PDE.solveRhs.afterSolve,point,19712012606,40000000000,24673618358
547,17,17,momentumSolve,exit,19320003998,40000000000,24673618358
548,17,17,after-UEqn,point,19320003998,40000000000,24673618358
549,17,17,pEqn,enter,21349521422,40000000000,24673618358
550,-1,17,PDE.solveImpl.beforeAssemble,point,21349521422,40000000000,24673618358
551,-1,17,PDE.solveImpl.afterAssemble,point,21349521422,40000000000,24673618358
552,-1,17,PDE.solveImpl.beforeSolve,point,21349521422,40000000000,24673618358
553,-1,17,PDE.solveImpl.afterSolve,point,21349521422,40000000000,24673618358
554,17,17,pEqn,exit,21349521422,40000000000,24673618358
555,17,17,after-pEqn,point,19320003998,40000000000,24673618358
556,-1,17,kOmegaSST.correct,enter,19320003998,40000000000,24673618358
557,-1,17,kOmegaSST.afterGradients,point,21018707966,40000000000,24673618358
558,-1,17,kOmegaSST.omegaEqn.before,point,21022580750,40000000000,24673618358
559,-1,17,PDE.solveImpl.beforeAssemble,point,21022580750,40000000000,24673618358
560,-1,17,PDE.solveImpl.afterAssemble,point,21022580750,40000000000,24673618358
561,-1,17,PDE.solveImpl.beforeSolve,point,21022580750,40000000000,24673618358
562,-1,17,PDE.solveImpl.afterSolve,point,21022580750,40000000000,24673618358
563,-1,17,kOmegaSST.omegaEqn.after,point,21022580750,40000000000,24673618358
564,-1,17,kOmegaSST.kEqn.before,point,20105957606,40000000000,24673618358
565,-1,17,PDE.solveImpl.beforeAssemble,point,20105957606,40000000000,24673618358
566,-1,17,PDE.solveImpl.afterAssemble,point,20105957606,40000000000,24673618358
567,-1,17,PDE.solveImpl.beforeSolve,point,20105957606,40000000000,24673618358
568,-1,17,PDE.solveImpl.afterSolve,point,20105957606,40000000000,24673618358
569,-1,17,kOmegaSST.kEqn.after,point,20105957606,40000000000,24673618358
570,-1,17,kOmegaSST.correct,exit,19320003998,40000000000,24673618358
571,17,17,after-turb,point,19320003998,40000000000,24673618358
572,17,17,timeStep,exit,19320003998,40000000000,24673618358
573,18,18,timeStep,enter,19320003998,40000000000,24673618358
574,18,18,step-start,point,19320003998,40000000000,24673618358
575,18,18,momentumSolve,enter,19320003998,40000000000,24673618358
576,-1,18,PDE.solveRhs.afterAssemble,point,19320003998,40000000000,24673618358
577,-1,18,PDE.solveRhs.afterSavedRhs,point,19712012606,40000000000,24673618358
578,-1,18,PDE.solveRhs.beforeSolve,point,19712012606,40000000000,24673618358
579,-1,18,PDE.solveRhs.afterSolve,point,19712012606,40000000000,24673618358
580,18,18,momentumSolve,exit,19320003998,40000000000,24673618358
581,18,18,after-UEqn,point,19320003998,40000000000,24673618358
582,18,18,pEqn,enter,21349521422,40000000000,24673618358
583,-1,18,PDE.solveImpl.beforeAssemble,point,21349521422,40000000000,24673618358
584,-1,18,PDE.solveImpl.afterAssemble,point,21349521422,40000000000,24673618358
585,-1,18,PDE.solveImpl.beforeSolve,point,21349521422,40000000000,24673618358
586,-1,18,PDE.solveImpl.afterSolve,point,21349521422,40000000000,24673618358
587,18,18,pEqn,exit,21349521422,40000000000,24673618358
588,18,18,after-pEqn,point,19320003998,40000000000,24673618358
589,-1,18,kOmegaSST.correct,enter,19320003998,40000000000,24673618358
590,-1,18,kOmegaSST.afterGradients,point,21018707966,40000000000,24673618358
591,-1,18,kOmegaSST.omegaEqn.before,point,21022580750,40000000000,24673618358
592,-1,18,PDE.solveImpl.beforeAssemble,point,21022580750,40000000000,24673618358
593,-1,18,PDE.solveImpl.afterAssemble,point,21022580750,40000000000,24673618358
594,-1,18,PDE.solveImpl.beforeSolve,point,21022580750,40000000000,24673618358
595,-1,18,PDE.solveImpl.afterSolve,point,21022580750,40000000000,24673618358
596,-1,18,kOmegaSST.omegaEqn.after,point,21022580750,40000000000,24673618358
597,-1,0,kOmegaSST.boundRepair,enter,21547195286,40000000000,24673618358
598,-1,0,kOmegaSST.boundRepair,exit,21547195286,40000000000,24673618358
599,-1,18,kOmegaSST.kEqn.before,point,20105957606,40000000000,24673618358
600,-1,18,PDE.solveImpl.beforeAssemble,point,20105957606,40000000000,24673618358
601,-1,18,PDE.solveImpl.afterAssemble,point,20105957606,40000000000,24673618358
602,-1,18,PDE.solveImpl.beforeSolve,point,20105957606,40000000000,24673618358
603,-1,18,PDE.solveImpl.afterSolve,point,20105957606,40000000000,24673618358
604,-1,18,kOmegaSST.kEqn.after,point,20105957606,40000000000,24673618358
605,-1,18,kOmegaSST.correct,exit,19320003998,40000000000,24673618358
606,18,18,after-turb,point,19320003998,40000000000,24673618358
607,18,18,timeStep,exit,19320003998,40000000000,24673618358
608,19,19,timeStep,enter,19320003998,40000000000,24673618358
609,19,19,step-start,point,19320003998,40000000000,24673618358
610,19,19,momentumSolve,enter,19320003998,40000000000,24673618358
611,-1,19,PDE.solveRhs.afterAssemble,point,19320003998,40000000000,24673618358
612,-1,19,PDE.solveRhs.afterSavedRhs,point,19712012606,40000000000,24673618358
613,-1,19,PDE.solveRhs.beforeSolve,point,19712012606,40000000000,24673618358
614,-1,19,PDE.solveRhs.afterSolve,point,19712012606,40000000000,24673618358
615,19,19,momentumSolve,exit,19320003998,40000000000,24673618358
616,19,19,after-UEqn,point,19320003998,40000000000,24673618358
617,19,19,pEqn,enter,21349521422,40000000000,24673618358
618,-1,19,PDE.solveImpl.beforeAssemble,point,21349521422,40000000000,24673618358
619,-1,19,PDE.solveImpl.afterAssemble,point,21349521422,40000000000,24673618358
620,-1,19,PDE.solveImpl.beforeSolve,point,21349521422,40000000000,24673618358
621,-1,19,PDE.solveImpl.afterSolve,point,21349521422,40000000000,24673618358
622,19,19,pEqn,exit,21349521422,40000000000,24673618358
623,19,19,after-pEqn,point,19320003998,40000000000,24673618358
624,-1,19,kOmegaSST.correct,enter,19320003998,40000000000,24673618358
625,-1,19,kOmegaSST.afterGradients,point,21018707966,40000000000,24673618358
626,-1,19,kOmegaSST.omegaEqn.before,point,21022580750,40000000000,24673618358
627,-1,19,PDE.solveImpl.beforeAssemble,point,21022580750,40000000000,24673618358
628,-1,19,PDE.solveImpl.afterAssemble,point,21022580750,40000000000,24673618358
629,-1,19,PDE.solveImpl.beforeSolve,point,21022580750,40000000000,24673618358
630,-1,19,PDE.solveImpl.afterSolve,point,21022580750,40000000000,24673618358
631,-1,19,kOmegaSST.omegaEqn.after,point,21022580750,40000000000,24673618358
632,-1,19,kOmegaSST.kEqn.before,point,20105957606,40000000000,24673618358
633,-1,19,PDE.solveImpl.beforeAssemble,point,20105957606,40000000000,24673618358
634,-1,19,PDE.solveImpl.afterAssemble,point,20105957606,40000000000,24673618358
635,-1,19,PDE.solveImpl.beforeSolve,point,20105957606,40000000000,24673618358
636,-1,19,PDE.solveImpl.afterSolve,point,20105957606,40000000000,24673618358
637,-1,19,kOmegaSST.kEqn.after,point,20105957606,40000000000,24673618358
638,-1,19,kOmegaSST.correct,exit,19320003998,40000000000,24673618358
639,19,19,after-turb,point,19320003998,40000000000,24673618358
640,19,19,timeStep,exit,19320003998,40000000000,24673618358
641,20,20,timeStep,enter,19320003998,40000000000,24673618358
642,20,20,step-start,point,19320003998,40000000000,24673618358
643,20,20,momentumSolve,enter,19320003998,40000000000,24673618358
644,-1,20,PDE.solveRhs.afterAssemble,point,19320003998,40000000000,24673618358
645,-1,20,PDE.solveRhs.afterSavedRhs,point,19712012606,40000000000,24673618358
646,-1,20,PDE.solveRhs.beforeSolve,point,19712012606,40000000000,24673618358
647,-1,20,PDE.solveRhs.afterSolve,point,19712012606,40000000000,24673618358
648,20,20,momentumSolve,exit,19320003998,40000000000,24673618358
649,20,20,after-UEqn,point,19320003998,40000000000,24673618358
650,20,20,pEqn,enter,21349521422,40000000000,24673618358
651,-1,20,PDE.solveImpl.beforeAssemble,point,21349521422,40000000000,24673618358
652,-1,20,PDE.solveImpl.afterAssemble,point,21349521422,40000000000,24673618358
653,-1,20,PDE.solveImpl.beforeSolve,point,21349521422,40000000000,24673618358
654,-1,20,PDE.solveImpl.afterSolve,point,21349521422,40000000000,24673618358
655,20,20,pEqn,exit,21349521422,40000000000,24673618358
656,20,20,after-pEqn,point,19320003998,40000000000,24673618358
657,-1,20,kOmegaSST.correct,enter,19320003998,40000000000,24673618358
658,-1,20,kOmegaSST.afterGradients,point,21018707966,40000000000,24673618358
659,-1,20,kOmegaSST.omegaEqn.before,point,21022580750,40000000000,24673618358
660,-1,20,PDE.solveImpl.beforeAssemble,point,21022580750,40000000000,24673618358
661,-1,20,PDE.solveImpl.afterAssemble,point,21022580750,40000000000,24673618358
662,-1,20,PDE.solveImpl.beforeSolve,point,21022580750,40000000000,24673618358
663,-1,20,PDE.solveImpl.afterSolve,point,21022580750,40000000000,24673618358
664,-1,20,kOmegaSST.omegaEqn.after,point,21022580750,40000000000,24673618358
665,-1,20,kOmegaSST.kEqn.before,point,20105957606,40000000000,24673618358
666,-1,20,PDE.solveImpl.beforeAssemble,point,20105957606,40000000000,24673618358
667,-1,20,PDE.solveImpl.afterAssemble,point,20105957606,40000000000,24673618358
668,-1,20,PDE.solveImpl.beforeSolve,point,20105957606,40000000000,24673618358
669,-1,20,PDE.solveImpl.afterSolve,point,20105957606,40000000000,24673618358
670,-1,20,kOmegaSST.kEqn.after,point,20105957606,40000000000,24673618358
671,-1,20,kOmegaSST.correct,exit,19320003998,40000000000,24673618358
672,20,20,after-turb,point,19320003998,40000000000,24673618358
673,20,20,timeStep,exit,19320003998,40000000000,24673618358
674,21,21,timeStep,enter,19320003998,40000000000,24673618358
675,21,21,step-start,point,19320003998,40000000000,24673618358
676,21,21,momentumSolve,enter,19320003998,40000000000,24673618358
677,-1,21,PDE.solveRhs.afterAssemble,point,19320003998,40000000000,24673618358
678,-1,21,PDE.solveRhs.afterSavedRhs,point,19712012606,40000000000,24673618358
679,-1,21,PDE.solveRhs.beforeSolve,point,19712012606,40000000000,24673618358
680,-1,21,PDE.solveRhs.afterSolve,point,19712012606,40000000000,24673618358
681,21,21,momentumSolve,exit,19320003998,40000000000,24673618358
682,21,21,after-UEqn,point,19320003998,40000000000,24673618358
683,21,21,pEqn,enter,21349521422,40000000000,24673618358
684,-1,21,PDE.solveImpl.beforeAssemble,point,21349521422,40000000000,24673618358
685,-1,21,PDE.solveImpl.afterAssemble,point,21349521422,40000000000,24673618358
686,-1,21,PDE.solveImpl.beforeSolve,point,21349521422,40000000000,24673618358
687,-1,21,PDE.solveImpl.afterSolve,point,21349521422,40000000000,24673618358
688,21,21,pEqn,exit,21349521422,40000000000,24673618358
689,21,21,after-pEqn,point,19320003998,40000000000,24673618358
690,-1,21,kOmegaSST.correct,enter,19320003998,40000000000,24673618358
691,-1,21,kOmegaSST.afterGradients,point,21018707966,40000000000,24673618358
692,-1,21,kOmegaSST.omegaEqn.before,point,21022580750,40000000000,24673618358
693,-1,21,PDE.solveImpl.beforeAssemble,point,21022580750,40000000000,24673618358
694,-1,21,PDE.solveImpl.afterAssemble,point,21022580750,40000000000,24673618358
695,-1,21,PDE.solveImpl.beforeSolve,point,21022580750,40000000000,24673618358
696,-1,21,PDE.solveImpl.afterSolve,point,21022580750,40000000000,24673618358
697,-1,21,kOmegaSST.omegaEqn.after,point,21022580750,40000000000,24673618358
698,-1,21,kOmegaSST.kEqn.before,point,20105957606,40000000000,24673618358
699,-1,21,PDE.solveImpl.beforeAssemble,point,20105957606,40000000000,24673618358
700,-1,21,PDE.solveImpl.afterAssemble,point,20105957606,40000000000,24673618358
701,-1,21,PDE.solveImpl.beforeSolve,point,20105957606,40000000000,24673618358
702,-1,21,PDE.solveImpl.afterSolve,point,20105957606,40000000000,24673618358
703,-1,21,kOmegaSST.kEqn.after,point,20105957606,40000000000,24673618358
704,-1,21,kOmegaSST.correct,exit,19320003998,40000000000,24673618358
705,21,21,after-turb,point,19320003998,40000000000,24673618358
706,21,21,timeStep,exit,19320003998,40000000000,24673618358
707,22,22,timeStep,enter,19320003998,40000000000,24673618358
708,22,22,step-start,point,19320003998,40000000000,24673618358
709,22,22,momentumSolve,enter,19320003998,40000000000,24673618358
710,-1,22,PDE.solveRhs.afterAssemble,point,19320003998,40000000000,24673618358
711,-1,22,PDE.solveRhs.afterSavedRhs,point,19712012606,40000000000,24673618358
712,-1,22,PDE.solveRhs.beforeSolve,point,19712012606,40000000000,24673618358
713,-1,22,PDE.solveRhs.afterSolve,point,19712012606,40000000000,24673618358
714,22,22,momentumSolve,exit,19320003998,40000000000,24673618358
715,22,22,after-UEqn,point,19320003998,40000000000,24673618358
716,22,22,pEqn,enter,21349521422,40000000000,24673618358
717,-1,22,PDE.solveImpl.beforeAssemble,point,21349521422,40000000000,24673618358
718,-1,22,PDE.solveImpl.afterAssemble,point,21349521422,40000000000,24673618358
719,-1,22,PDE.solveImpl.beforeSolve,point,21349521422,40000000000,24673618358
720,-1,22,PDE.solveImpl.afterSolve,point,21349521422,40000000000,24673618358
721,22,22,pEqn,exit,21349521422,40000000000,24673618358
722,22,22,after-pEqn,point,19320003998,40000000000,24673618358
723,-1,22,kOmegaSST.correct,enter,19320003998,40000000000,24673618358
724,-1,22,kOmegaSST.afterGradients,point,21018707966,40000000000,24673618358
725,-1,22,kOmegaSST.omegaEqn.before,point,21022580750,40000000000,24673618358
726,-1,22,PDE.solveImpl.beforeAssemble,point,21022580750,40000000000,24673618358
727,-1,22,PDE.solveImpl.afterAssemble,point,21022580750,40000000000,24673618358
728,-1,22,PDE.solveImpl.beforeSolve,point,21022580750,40000000000,24673618358
729,-1,22,PDE.solveImpl.afterSolve,point,21022580750,40000000000,24673618358
730,-1,22,kOmegaSST.omegaEqn.after,point,21022580750,40000000000,24673618358
731,-1,22,kOmegaSST.kEqn.before,point,20105957606,40000000000,24673618358
732,-1,22,PDE.solveImpl.beforeAssemble,point,20105957606,40000000000,24673618358
733,-1,22,PDE.solveImpl.afterAssemble,point,20105957606,40000000000,24673618358
734,-1,22,PDE.solveImpl.beforeSolve,point,20105957606,40000000000,24673618358
735,-1,22,PDE.solveImpl.afterSolve,point,20105957606,40000000000,24673618358
736,-1,22,kOmegaSST.kEqn.after,point,20105957606,40000000000,24673618358
737,-1,22,kOmegaSST.correct,exit,19320003998,40000000000,24673618358
738,22,22,after-turb,point,19320003998,40000000000,24673618358
739,22,22,timeStep,exit,19320003998,40000000000,24673618358
740,23,23,timeStep,enter,19320003998,40000000000,24673618358
741,23,23,step-start,point,19320003998,40000000000,24673618358
742,23,23,momentumSolve,enter,19320003998,40000000000,24673618358
743,-1,23,PDE.solveRhs.afterAssemble,point,19320003998,40000000000,24673618358
744,-1,23,PDE.solveRhs.afterSavedRhs,point,19712012606,40000000000,24673618358
745,-1,23,PDE.solveRhs.beforeSolve,point,19712012606,40000000000,24673618358
746,-1,23,PDE.solveRhs.afterSolve,point,19712012606,40000000000,24673618358
747,23,23,momentumSolve,exit,19320003998,40000000000,24673618358
748,23,23,after-UEqn,point,19320003998,40000000000,24673618358
749,23,23,pEqn,enter,21349521422,40000000000,24673618358
750,-1,23,PDE.solveImpl.beforeAssemble,point,21349521422,40000000000,24673618358
751,-1,23,PDE.solveImpl.afterAssemble,point,21349521422,40000000000,24673618358
752,-1,23,PDE.solveImpl.beforeSolve,point,21349521422,40000000000,24673618358
753,-1,23,PDE.solveImpl.afterSolve,point,21349521422,40000000000,24673618358
754,23,23,pEqn,exit,21349521422,40000000000,24673618358
755,23,23,after-pEqn,point,19320003998,40000000000,24673618358
756,-1,23,kOmegaSST.correct,enter,19320003998,40000000000,24673618358
757,-1,23,kOmegaSST.afterGradients,point,21018707966,40000000000,24673618358
758,-1,23,kOmegaSST.omegaEqn.before,point,21022580750,40000000000,24673618358
759,-1,23,PDE.solveImpl.beforeAssemble,point,21022580750,40000000000,24673618358
760,-1,23,PDE.solveImpl.afterAssemble,point,21022580750,40000000000,24673618358
761,-1,23,PDE.solveImpl.beforeSolve,point,21022580750,40000000000,24673618358
762,-1,23,PDE.solveImpl.afterSolve,point,21022580750,40000000000,24673618358
763,-1,23,kOmegaSST.omegaEqn.after,point,21022580750,40000000000,24673618358
764,-1,23,kOmegaSST.kEqn.before,point,20105957606,40000000000,24673618358
765,-1,23,PDE.solveImpl.beforeAssemble,point,20105957606,40000000000,24673618358
766,-1,23,PDE.solveImpl.afterAssemble,point,20105957606,40000000000,24673618358
767,-1,23,PDE.solveImpl.beforeSolve,point,20105957606,40000000000,24673618358
768,-1,23,PDE.solveImpl.afterSolve,point,20105957606,40000000000,24673618358
769,-1,23,kOmegaSST.kEqn.after,point,20105957606,40000000000,24673618358
770,-1,23,kOmegaSST.correct,exit,19320003998,40000000000,24673618358
771,23,23,after-turb,point,19320003998,40000000000,24673618358
772,23,23,timeStep,exit,19320003998,40000000000,24673618358
773,24,24,timeStep,enter,19320003998,40000000000,24673618358
774,24,24,step-start,point,19320003998,40000000000,24673618358
775,24,24,momentumSolve,enter,19320003998,40000000000,24673618358
776,-1,24,PDE.solveRhs.afterAssemble,point,19320003998,40000000000,24673618358
777,-1,24,PDE.solveRhs.afterSavedRhs,point,19712012606,40000000000,24673618358
778,-1,24,PDE.solveRhs.beforeSolve,point,19712012606,40000000000,24673618358
779,-1,24,PDE.solveRhs.afterSolve,point,19712012606,40000000000,24673618358
780,24,24,momentumSolve,exit,19320003998,40000000000,24673618358
781,24,24,after-UEqn,point,19320003998,40000000000,24673618358
782,24,24,pEqn,enter,21349521422,40000000000,24673618358
783,-1,24,PDE.solveImpl.beforeAssemble,point,21349521422,40000000000,24673618358
784,-1,24,PDE.solveImpl.afterAssemble,point,21349521422,40000000000,24673618358
785,-1,24,PDE.solveImpl.beforeSolve,point,21349521422,40000000000,24673618358
786,-1,24,PDE.solveImpl.afterSolve,point,21349521422,40000000000,24673618358
787,24,24,pEqn,exit,21349521422,40000000000,24673618358
788,24,24,after-pEqn,point,19320003998,40000000000,24673618358
789,-1,24,kOmegaSST.correct,enter,19320003998,40000000000,24673618358
790,-1,24,kOmegaSST.afterGradients,point,21018707966,40000000000,24673618358
791,-1,24,kOmegaSST.omegaEqn.before,point,21022580750,40000000000,24673618358
792,-1,24,PDE.solveImpl.beforeAssemble,point,21022580750,40000000000,24673618358
793,-1,24,PDE.solveImpl.afterAssemble,point,21022580750,40000000000,24673618358
794,-1,24,PDE.solveImpl.beforeSolve,point,21022580750,40000000000,24673618358
795,-1,24,PDE.solveImpl.afterSolve,point,21022580750,40000000000,24673618358
796,-1,24,kOmegaSST.omegaEqn.after,point,21022580750,40000000000,24673618358
797,-1,24,kOmegaSST.kEqn.before,point,20105957606,40000000000,24673618358
798,-1,24,PDE.solveImpl.beforeAssemble,point,20105957606,40000000000,24673618358
799,-1,24,PDE.solveImpl.afterAssemble,point,20105957606,40000000000,24673618358
800,-1,24,PDE.solveImpl.beforeSolve,point,20105957606,40000000000,24673618358
801,-1,24,PDE.solveImpl.afterSolve,point,20105957606,40000000000,24673618358
802,-1,24,kOmegaSST.kEqn.after,point,20105957606,40000000000,24673618358
803,-1,24,kOmegaSST.correct,exit,19320003998,40000000000,24673618358
804,24,24,after-turb,point,19320003998,40000000000,24673618358
805,24,24,timeStep,exit,19320003998,40000000000,24673618358
806,25,25,timeStep,enter,19320003998,40000000000,24673618358
807,25,25,step-start,point,19320003998,40000000000,24673618358
808,25,25,momentumSolve,enter,19320003998,40000000000,24673618358
809,-1,25,PDE.solveRhs.afterAssemble,point,19320003998,40000000000,24673618358
810,-1,25,PDE.solveRhs.afterSavedRhs,point,19712012606,40000000000,24673618358
811,-1,25,PDE.solveRhs.beforeSolve,point,19712012606,40000000000,24673618358
812,-1,25,PDE.solveRhs.afterSolve,point,19712012606,40000000000,24673618358
813,25,25,momentumSolve,exit,19320003998,40000000000,24673618358
814,25,25,after-UEqn,point,19320003998,40000000000,24673618358
815,25,25,pEqn,enter,21349521422,40000000000,24673618358
816,-1,25,PDE.solveImpl.beforeAssemble,point,21349521422,40000000000,24673618358
817,-1,25,PDE.solveImpl.afterAssemble,point,21349521422,40000000000,24673618358
818,-1,25,PDE.solveImpl.beforeSolve,point,21349521422,40000000000,24673618358
819,-1,25,PDE.solveImpl.afterSolve,point,21349521422,40000000000,24673618358
820,25,25,pEqn,exit,21349521422,40000000000,24673618358
821,25,25,after-pEqn,point,19320003998,40000000000,24673618358
822,-1,25,kOmegaSST.correct,enter,19320003998,40000000000,24673618358
823,-1,25,kOmegaSST.afterGradients,point,21018707966,40000000000,24673618358
824,-1,25,kOmegaSST.omegaEqn.before,point,21022580750,40000000000,24673618358
825,-1,25,PDE.solveImpl.beforeAssemble,point,21022580750,40000000000,24673618358
826,-1,25,PDE.solveImpl.afterAssemble,point,21022580750,40000000000,24673618358
827,-1,25,PDE.solveImpl.beforeSolve,point,21022580750,40000000000,24673618358
828,-1,25,PDE.solveImpl.afterSolve,point,21022580750,40000000000,24673618358
829,-1,25,kOmegaSST.omegaEqn.after,point,21022580750,40000000000,24673618358
830,-1,25,kOmegaSST.kEqn.before,point,20105957606,40000000000,24673618358
831,-1,25,PDE.solveImpl.beforeAssemble,point,20105957606,40000000000,24673618358
832,-1,25,PDE.solveImpl.afterAssemble,point,20105957606,40000000000,24673618358
833,-1,25,PDE.solveImpl.beforeSolve,point,20105957606,40000000000,24673618358
834,-1,25,PDE.solveImpl.afterSolve,point,20105957606,40000000000,24673618358
835,-1,25,kOmegaSST.kEqn.after,point,20105957606,40000000000,24673618358
836,-1,25,kOmegaSST.correct,exit,19320003998,40000000000,24673618358
837,25,25,after-turb,point,19320003998,40000000000,24673618358
838,25,25,timeStep,exit,19320003998,40000000000,24673618358
839,26,26,timeStep,enter,19320003998,40000000000,24673618358
840,26,26,step-start,point,19320003998,40000000000,24673618358
841,26,26,momentumSolve,enter,19320003998,40000000000,24673618358
842,-1,26,PDE.solveRhs.afterAssemble,point,19320003998,40000000000,24673618358
843,-1,26,PDE.solveRhs.afterSavedRhs,point,19712012606,40000000000,24673618358
844,-1,26,PDE.solveRhs.beforeSolve,point,19712012606,40000000000,24673618358
845,-1,26,PDE.solveRhs.afterSolve,point,19712012606,40000000000,24673618358
846,26,26,momentumSolve,exit,19320003998,40000000000,24673618358
847,26,26,after-UEqn,point,19320003998,40000000000,24673618358
848,26,26,pEqn,enter,21349521422,40000000000,24673618358
849,-1,26,PDE.solveImpl.beforeAssemble,point,21349521422,40000000000,24673618358
850,-1,26,PDE.solveImpl.afterAssemble,point,21349521422,40000000000,24673618358
851,-1,26,PDE.solveImpl.beforeSolve,point,21349521422,40000000000,24673618358
852,-1,26,PDE.solveImpl.afterSolve,point,21349521422,40000000000,24673618358
853,26,26,pEqn,exit,21349521422,40000000000,24673618358
854,26,26,after-pEqn,point,19320003998,40000000000,24673618358
855,-1,26,kOmegaSST.correct,enter,19320003998,40000000000,24673618358
856,-1,26,kOmegaSST.afterGradients,point,21018707966,40000000000,24673618358
857,-1,26,kOmegaSST.omegaEqn.before,point,21022580750,40000000000,24673618358
858,-1,26,PDE.solveImpl.beforeAssemble,point,21022580750,40000000000,24673618358
859,-1,26,PDE.solveImpl.afterAssemble,point,21022580750,40000000000,24673618358
860,-1,26,PDE.solveImpl.beforeSolve,point,21022580750,40000000000,24673618358
861,-1,26,PDE.solveImpl.afterSolve,point,21022580750,40000000000,24673618358
862,-1,26,kOmegaSST.omegaEqn.after,point,21022580750,40000000000,24673618358
863,-1,0,kOmegaSST.boundRepair,enter,21547195286,40000000000,24673618358
864,-1,0,kOmegaSST.boundRepair,exit,21547195286,40000000000,24673618358
865,-1,26,kOmegaSST.kEqn.before,point,20105957606,40000000000,24673618358
866,-1,26,PDE.solveImpl.beforeAssemble,point,20105957606,40000000000,24673618358
867,-1,26,PDE.solveImpl.afterAssemble,point,20105957606,40000000000,24673618358
868,-1,26,PDE.solveImpl.beforeSolve,point,20105957606,40000000000,24673618358
869,-1,26,PDE.solveImpl.afterSolve,point,20105957606,40000000000,24673618358
870,-1,26,kOmegaSST.kEqn.after,point,20105957606,40000000000,24673618358
871,-1,26,kOmegaSST.correct,exit,19320003998,40000000000,24673618358
872,26,26,after-turb,point,19320003998,40000000000,24673618358
873,26,26,timeStep,exit,19320003998,40000000000,24673618358
874,27,27,timeStep,enter,19320003998,40000000000,24673618358
875,27,27,step-start,point,19320003998,40000000000,24673618358
876,27,27,momentumSolve,enter,19320003998,40000000000,24673618358
877,-1,27,PDE.solveRhs.afterAssemble,point,19320003998,40000000000,24673618358
878,-1,27,PDE.solveRhs.afterSavedRhs,point,19712012606,40000000000,24673618358
879,-1,27,PDE.solveRhs.beforeSolve,point,19712012606,40000000000,24673618358
880,-1,27,PDE.solveRhs.afterSolve,point,19712012606,40000000000,24673618358
881,27,27,momentumSolve,exit,19320003998,40000000000,24673618358
882,27,27,after-UEqn,point,19320003998,40000000000,24673618358
883,27,27,pEqn,enter,21349521422,40000000000,24673618358
884,-1,27,PDE.solveImpl.beforeAssemble,point,21349521422,40000000000,24673618358
885,-1,27,PDE.solveImpl.afterAssemble,point,21349521422,40000000000,24673618358
886,-1,27,PDE.solveImpl.beforeSolve,point,21349521422,40000000000,24673618358
887,-1,27,PDE.solveImpl.afterSolve,point,21349521422,40000000000,24673618358
888,27,27,pEqn,exit,21349521422,40000000000,24673618358
889,27,27,after-pEqn,point,19320003998,40000000000,24673618358
890,-1,27,kOmegaSST.correct,enter,19320003998,40000000000,24673618358
891,-1,27,kOmegaSST.afterGradients,point,21018707966,40000000000,24673618358
892,-1,27,kOmegaSST.omegaEqn.before,point,21022580750,40000000000,24673618358
893,-1,27,PDE.solveImpl.beforeAssemble,point,21022580750,40000000000,24673618358
894,-1,27,PDE.solveImpl.afterAssemble,point,21022580750,40000000000,24673618358
895,-1,27,PDE.solveImpl.beforeSolve,point,21022580750,40000000000,24673618358
896,-1,27,PDE.solveImpl.afterSolve,point,21022580750,40000000000,24673618358
897,-1,27,kOmegaSST.omegaEqn.after,point,21022580750,40000000000,24673618358
898,-1,27,kOmegaSST.kEqn.before,point,20105957606,40000000000,24673618358
899,-1,27,PDE.solveImpl.beforeAssemble,point,20105957606,40000000000,24673618358
900,-1,27,PDE.solveImpl.afterAssemble,point,20105957606,40000000000,24673618358
901,-1,27,PDE.solveImpl.beforeSolve,point,20105957606,40000000000,24673618358
902,-1,27,PDE.solveImpl.afterSolve,point,20105957606,40000000000,24673618358
903,-1,27,kOmegaSST.kEqn.after,point,20105957606,40000000000,24673618358
904,-1,27,kOmegaSST.correct,exit,19320003998,40000000000,24673618358
905,27,27,after-turb,point,19320003998,40000000000,24673618358
906,27,27,timeStep,exit,19320003998,40000000000,24673618358
907,28,28,timeStep,enter,19320003998,40000000000,24673618358
908,28,28,step-start,point,19320003998,40000000000,24673618358
909,28,28,momentumSolve,enter,19320003998,40000000000,24673618358
910,-1,28,PDE.solveRhs.afterAssemble,point,19320003998,40000000000,24673618358
911,-1,28,PDE.solveRhs.afterSavedRhs,point,19712012606,40000000000,24673618358
912,-1,28,PDE.solveRhs.beforeSolve,point,19712012606,40000000000,24673618358
913,-1,28,PDE.solveRhs.afterSolve,point,19712012606,40000000000,24673618358
914,28,28,momentumSolve,exit,19320003998,40000000000,24673618358
915,28,28,after-UEqn,point,19320003998,40000000000,24673618358
916,28,28,pEqn,enter,21349521422,40000000000,24673618358
917,-1,28,PDE.solveImpl.beforeAssemble,point,21349521422,40000000000,24673618358
918,-1,28,PDE.solveImpl.afterAssemble,point,21349521422,40000000000,24673618358
919,-1,28,PDE.solveImpl.beforeSolve,point,21349521422,40000000000,24673618358
920,-1,28,PDE.solveImpl.afterSolve,point,21349521422,40000000000,24673618358
921,28,28,pEqn,exit,21349521422,40000000000,24673618358
922,28,28,after-pEqn,point,19320003998,40000000000,24673618358
923,-1,28,kOmegaSST.correct,enter,19320003998,40000000000,24673618358
924,-1,28,kOmegaSST.afterGradients,point,21018707966,40000000000,24673618358
925,-1,28,kOmegaSST.omegaEqn.before,point,21022580750,40000000000,24673618358
926,-1,28,PDE.solveImpl.beforeAssemble,point,21022580750,40000000000,24673618358
927,-1,28,PDE.solveImpl.afterAssemble,point,21022580750,40000000000,24673618358
928,-1,28,PDE.solveImpl.beforeSolve,point,21022580750,40000000000,24673618358
929,-1,28,PDE.solveImpl.afterSolve,point,21022580750,40000000000,24673618358
930,-1,28,kOmegaSST.omegaEqn.after,point,21022580750,40000000000,24673618358
931,-1,28,kOmegaSST.kEqn.before,point,20105957606,40000000000,24673618358
932,-1,28,PDE.solveImpl.beforeAssemble,point,20105957606,40000000000,24673618358
933,-1,28,PDE.solveImpl.afterAssemble,point,20105957606,40000000000,24673618358
934,-1,28,PDE.solveImpl.beforeSolve,point,20105957606,40000000000,24673618358
935,-1,28,PDE.solveImpl.afterSolve,point,20105957606,40000000000,24673618358
936,-1,28,kOmegaSST.kEqn.after,point,20105957606,40000000000,24673618358
937,-1,28,kOmegaSST.correct,exit,19320003998,40000000000,24673618358
938,28,28,after-turb,point,19320003998,40000000000,24673618358
939,28,28,timeStep,exit,19320003998,40000000000,24673618358
940,29,29,timeStep,enter,19320003998,40000000000,24673618358
941,29,29,step-start,point,19320003998,40000000000,24673618358
942,29,29,momentumSolve,enter,19320003998,40000000000,24673618358
943,-1,29,PDE.solveRhs.afterAssemble,point,19320003998,40000000000,24673618358
944,-1,29,PDE.solveRhs.afterSavedRhs,point,19712012606,40000000000,24673618358
945,-1,29,PDE.solveRhs.beforeSolve,point,19712012606,40000000000,24673618358
946,-1,29,PDE.solveRhs.afterSolve,point,19712012606,40000000000,24673618358
947,29,29,momentumSolve,exit,19320003998,40000000000,24673618358
948,29,29,after-UEqn,point,19320003998,40000000000,24673618358
949,29,29,pEqn,enter,21349521422,40000000000,24673618358
950,-1,29,PDE.solveImpl.beforeAssemble,point,21349521422,40000000000,24673618358
951,-1,29,PDE.solveImpl.afterAssemble,point,21349521422,40000000000,24673618358
952,-1,29,PDE.solveImpl.beforeSolve,point,21349521422,40000000000,24673618358
953,-1,29,PDE.solveImpl.afterSolve,point,21349521422,40000000000,24673618358
954,29,29,pEqn,exit,21349521422,40000000000,24673618358
955,29,29,after-pEqn,point,19320003998,40000000000,24673618358
956,-1,29,kOmegaSST.correct,enter,19320003998,40000000000,24673618358
957,-1,29,kOmegaSST.afterGradients,point,21018707966,40000000000,24673618358
958,-1,29,kOmegaSST.omegaEqn.before,point,21022580750,40000000000,24673618358
959,-1,29,PDE.solveImpl.beforeAssemble,point,21022580750,40000000000,24673618358
960,-1,29,PDE.solveImpl.afterAssemble,point,21022580750,40000000000,24673618358
961,-1,29,PDE.solveImpl.beforeSolve,point,21022580750,40000000000,24673618358
962,-1,29,PDE.solveImpl.afterSolve,point,21022580750,40000000000,24673618358
963,-1,29,kOmegaSST.omegaEqn.after,point,21022580750,40000000000,24673618358
964,-1,0,kOmegaSST.boundRepair,enter,21547195286,40000000000,24673618358
965,-1,0,kOmegaSST.boundRepair,exit,21547195286,40000000000,24673618358
966,-1,29,kOmegaSST.kEqn.before,point,20105957606,40000000000,24673618358
967,-1,29,PDE.solveImpl.beforeAssemble,point,20105957606,40000000000,24673618358
968,-1,29,PDE.solveImpl.afterAssemble,point,20105957606,40000000000,24673618358
969,-1,29,PDE.solveImpl.beforeSolve,point,20105957606,40000000000,24673618358
970,-1,29,PDE.solveImpl.afterSolve,point,20105957606,40000000000,24673618358
971,-1,29,kOmegaSST.kEqn.after,point,20105957606,40000000000,24673618358
972,-1,29,kOmegaSST.correct,exit,19320003998,40000000000,24673618358
973,29,29,after-turb,point,19320003998,40000000000,24673618358
974,29,29,timeStep,exit,19320003998,40000000000,24673618358
975,30,30,timeStep,enter,19320003998,40000000000,24673618358
976,30,30,step-start,point,19320003998,40000000000,24673618358
977,30,30,momentumSolve,enter,19320003998,40000000000,24673618358
978,-1,30,PDE.solveRhs.afterAssemble,point,19320003998,40000000000,24673618358
979,-1,30,PDE.solveRhs.afterSavedRhs,point,19712012606,40000000000,24673618358
980,-1,30,PDE.solveRhs.beforeSolve,point,19712012606,40000000000,24673618358
981,-1,30,PDE.solveRhs.afterSolve,point,19712012606,40000000000,24673618358
982,30,30,momentumSolve,exit,19320003998,40000000000,24673618358
983,30,30,after-UEqn,point,19320003998,40000000000,24673618358
984,30,30,pEqn,enter,21349521422,40000000000,24673618358
985,-1,30,PDE.solveImpl.beforeAssemble,point,21349521422,40000000000,24673618358
986,-1,30,PDE.solveImpl.afterAssemble,point,21349521422,40000000000,24673618358
987,-1,30,PDE.solveImpl.beforeSolve,point,21349521422,40000000000,24673618358
988,-1,30,PDE.solveImpl.afterSolve,point,21349521422,40000000000,24673618358
989,30,30,pEqn,exit,21349521422,40000000000,24673618358
990,30,30,after-pEqn,point,19320003998,40000000000,24673618358
991,-1,30,kOmegaSST.correct,enter,19320003998,40000000000,24673618358
992,-1,30,kOmegaSST.afterGradients,point,21018707966,40000000000,24673618358
993,-1,30,kOmegaSST.omegaEqn.before,point,21022580750,40000000000,24673618358
994,-1,30,PDE.solveImpl.beforeAssemble,point,21022580750,40000000000,24673618358
995,-1,30,PDE.solveImpl.afterAssemble,point,21022580750,40000000000,24673618358
996,-1,30,PDE.solveImpl.beforeSolve,point,21022580750,40000000000,24673618358
997,-1,30,PDE.solveImpl.afterSolve,point,21022580750,40000000000,24673618358
998,-1,30,kOmegaSST.omegaEqn.after,point,21022580750,40000000000,24673618358
999,-1,0,kOmegaSST.boundRepair,enter,21547195286,40000000000,24673618358
1000,-1,0,kOmegaSST.boundRepair,exit,21547195286,40000000000,24673618358
1001,-1,30,kOmegaSST.kEqn.before,point,20105957606,40000000000,24673618358
1002,-1,30,PDE.solveImpl.beforeAssemble,point,20105957606,40000000000,24673618358
1003,-1,30,PDE.solveImpl.afterAssemble,point,20105957606,40000000000,24673618358
1004,-1,30,PDE.solveImpl.beforeSolve,point,20105957606,40000000000,24673618358
1005,-1,30,PDE.solveImpl.afterSolve,point,20105957606,40000000000,24673618358
1006,-1,30,kOmegaSST.kEqn.after,point,20105957606,40000000000,24673618358
1007,-1,30,kOmegaSST.correct,exit,19320003998,40000000000,24673618358
1008,30,30,after-turb,point,19320003998,40000000000,24673618358
1009,30,30,timeStep,exit,19320003998,40000000000,24673618358
