0, 0
1, 0
2, 0
3, 0
---
0, 0
1, 0
2, 0
3, 0
---
0, 0
1, 0
2, 0
3, 0
---
0, 4
1, 4
2, 1
3, 1
---
0, 4
1, 4
2, 4
3, 4
---
0, 533
1, 533
2, 533
3, 533
---
0, 533
1, 533
2, 533
3, 533
---
0, 533
1, 533
2, 533
3, 533
---
0, 533
1, 533
2, 533
3, 533
---
0, 533
1, 533
2, 533
3, 533
---
0, 533
1, 533
2, 533
3, 533
---
0, 533
1, 533
2, 533
3, 533
---
0, 533
1, 533
2, 533
3, 533
---
0, 533
1, 533
2, 533
3, 533
---
0, 533
1, 533
2, 533
3, 533
---
0, 533
1, 533
2, 533
3, 533
---
0, 533
1, 533
2, 533
3, 533
---
0, 533
1, 533
2, 533
3, 533
---
0, 38681
1, 38681
2, 38681
3, 38681
---
0, 38681
1, 38681
2, 38681
3, 38681
---
0, 38775
1, 38775
2, 38775
3, 38775
---
0, 38775
1, 38775
2, 38775
3, 38775
---
0, 38775
1, 38775
2, 38775
3, 38775
---
0, 38775
1, 38775
2, 38775
3, 38775
---
0, 38775
1, 38775
2, 38775
3, 38775
---
0, 38775
1, 38775
2, 38775
3, 38775
---
0, 38775
1, 38775
2, 38775
3, 38775
---
0, 38775
1, 38775
2, 38775
3, 38775
---
0, 38775
1, 38775
2, 38775
3, 38775
---
0, 38775
1, 38775
2, 38775
3, 38775
---
0, 38775
1, 38775
2, 38775
3, 38775
---
0, 38775
1, 38775
2, 38775
3, 38775
---
0, 38775
1, 38775
2, 38775
3, 38775
---
0, 38775
1, 38775
2, 38775
3, 38775
---
0, 38775
1, 38775
2, 38775
3, 38775
---
0, 38775
1, 38775
2, 38775
3, 38775
---
0, 38775
1, 38775
2, 38775
3, 38775
---
0, 38775
1, 38775
2, 38775
3, 38775
---
0, 38775
1, 38775
2, 38775
3, 38775
---
0, 38775
1, 38775
2, 38775
3, 38775
---
0, 38775
1, 38775
2, 38775
3, 38775
---
0, 38775
1, 38775
2, 38775
3, 38775
---
0, 38775
1, 38775
2, 38775
3, 38775
---
0, 38775
1, 38775
2, 38775
3, 38775
---
0, 38775
1, 38775
2, 38775
3, 38775
---
0, 38775
1, 38775
2, 38775
3, 38775
---
0, 38775
1, 38775
2, 38775
3, 38775
---
0, 38775
1, 38775
2, 38775
3, 38775
---
0, 38775
1, 38775
2, 38775
3, 38775
---
0, 38775
1, 38775
2, 38775
3, 38775
---
0, 38775
1, 38775
2, 38775
3, 38775
---
0, 38775
1, 38775
2, 38775
3, 38775
---
0, 38775
1, 38775
2, 38775
3, 38775
---
0, 38775
1, 38775
2, 38775
3, 38775
---
0, 38775
1, 38775
2, 38775
3, 38775
---
0, 38775
1, 38775
2, 38775
3, 38775
---
0, 38775
1, 38775
2, 38775
3, 38775
---
0, 38775
1, 38775
2, 38775
3, 38775
---
0, 38775
1, 38775
2, 38775
3, 38775
---
0, 38775
1, 38775
2, 38775
3, 38775
---
0, 38775
1, 38775
2, 38775
3, 38775
---
0, 38775
1, 38775
2, 38775
3, 38775
---
0, 38775
1, 38775
2, 38775
3, 38775
---
0, 38775
1, 38775
2, 38775
3, 38775
---
0, 38775
1, 38775
2, 38775
3, 38775
---
0, 38775
1, 38775
2, 38775
3, 38775
---
0, 38775
1, 38775
2, 38775
3, 38775
---
0, 38775
1, 38775
2, 38775
3, 38775
---
0, 38775
1, 38775
2, 38775
3, 38775
---
0, 38775
1, 38775
2, 38775
3, 38775
---
0, 38775
1, 38775
2, 38775
3, 38775
---
0, 38775
1, 38775
2, 38775
3, 38775
---
0, 38775
1, 38775
2, 38775
3, 38775
---
0, 38775
1, 38775
2, 38775
3, 38775
---
0, 38775
1, 38775
2, 38775
3, 38775
---
0, 38777
1, 38777
2, 38777
3, 38777
---
0, 38777
1, 38777
2, 38777
3, 38777
---
0, 38777
1, 38777
2, 38777
3, 38777
---
0, 38777
1, 38777
2, 38777
3, 38777
---
0, 38777
1, 38777
2, 38777
3, 38777
---
0, 38777
1, 38777
2, 38777
3, 38777
---
0, 38777
1, 38777
2, 38777
3, 38777
---
0, 41971
1, 41977
2, 41971
3, 41977
---
0, 50029
1, 46675
2, 50063
3, 46451
---
0, 50533
1, 48077
2, 50533
3, 48073
---
0, 52197
1, 52287
2, 52209
3, 52271
---
0, 54475
1, 54571
2, 54487
3, 54557
---
0, 56057
1, 56155
2, 56067
3, 56139
---
0, 55805
1, 55903
2, 55817
3, 55887
---
0, 55371
1, 55463
2, 55381
3, 55451
---
0, 55805
1, 55903
2, 55817
3, 55887
---
0, 55807
1, 55903
2, 55817
3, 55887
---
0, 57689
1, 57783
2, 54767
3, 57769
---
0, 56057
1, 56153
2, 56069
3, 56141
---
0, 55807
1, 55901
2, 55817
3, 55887
---
0, 55371
1, 55463
2, 55381
3, 55449
---
0, 55805
1, 55903
2, 55819
3, 55887
---
0, 55805
1, 55905
2, 55815
3, 55887
---
0, 55371
1, 55463
2, 55379
3, 55449
---
0, 55807
1, 55903
2, 55819
3, 55889
---
0, 55807
1, 55903
2, 55817
3, 55887
---
0, 55369
1, 55461
2, 55381
3, 55451
---
0, 55807
1, 55905
2, 55815
3, 55889
---
0, 55805
1, 55901
2, 55819
3, 55887
---
0, 55371
1, 55461
2, 55379
3, 55449
---
0, 55805
1, 55903
2, 55817
3, 55889
---
0, 55805
1, 55903
2, 55819
3, 55887
---
0, 55805
1, 55903
2, 55819
3, 55887
---
0, 55807
1, 55903
2, 55819
3, 55887
---
0, 55805
1, 55903
2, 55819
3, 55889
---
0, 55369
1, 55463
2, 55379
3, 55451
---
0, 56435
1, 56533
2, 56447
3, 56517
---
0, 55805
1, 55903
2, 55819
3, 55891
---
0, 55369
1, 55463
2, 55379
3, 55449
---
0, 55807
1, 55903
2, 55819
3, 55887
---
0, 55807
1, 55903
2, 55819
3, 55887
---
0, 55807
1, 55903
2, 55819
3, 55887
---
0, 55807
1, 55903
2, 55819
3, 55887
---
0, 55807
1, 55903
2, 55819
3, 55887
---
0, 38843
1, 38843
2, 38843
3, 38843
---
0, 38843
1, 38843
2, 38843
3, 38843
---
0, 38843
1, 38843
2, 38843
3, 38843
---
0, 38843
1, 38843
2, 38843
3, 38843
---
0, 38843
1, 38843
2, 38843
3, 38843
---
0, 631
1, 631
2, 631
3, 631
---
0, 0
1, 0
2, 0
3, 0
